"2026/cve-2015-1832.json","2026-07-13T16:44:34Z"
"2026/cve-2021-21295.json","2026-07-13T16:44:26Z"
"2026/cve-2022-1471.json","2026-07-13T09:49:30Z"
"2026/cve-2026-8838.json","2026-07-13T09:49:21Z"
"2026/cve-2026-6100.json","2026-07-13T09:49:11Z"
"2026/cve-2026-48710.json","2026-07-13T09:49:02Z"
"2026/cve-2026-42778.json","2026-07-13T09:48:54Z"
"2026/cve-2026-42584.json","2026-07-13T09:48:43Z"
"2026/cve-2026-42581.json","2026-07-13T09:48:33Z"
"2026/cve-2026-42579.json","2026-07-13T09:48:23Z"
"2026/cve-2026-42011.json","2026-07-13T09:48:14Z"
"2026/cve-2026-42203.json","2026-07-13T09:48:05Z"
"2026/cve-2026-42271.json","2026-07-13T09:47:57Z"
"2026/cve-2026-42284.json","2026-07-13T09:47:48Z"
"2026/cve-2026-42035.json","2026-07-13T09:47:39Z"
"2024/stacksa_2024_0114_0001.json","2024-12-10T15:30:49Z"
"2024/stacksa_2024_0113_0001.json","2024-12-10T15:29:24Z"
"2024/stacksa_2024_0112_0001.json","2024-12-10T15:27:44Z"
"2024/stacksa_2024_0111_0001.json","2024-12-10T15:25:45Z"
"2024/stacksa_2024_0110_0001.json","2024-12-10T15:24:52Z"
"2024/stacksa_2024_0109_0001.json","2024-12-10T15:21:07Z"
"2024/stacksa_2024_0089_0001.json","2024-11-25T22:34:25Z"
"2024/stacksa_2024_0101_0001.json","2024-11-11T20:20:37Z"
"2024/stacksa_2024_0089_0001.json","2024-08-29T20:30:16Z"
